,Accuracy,Precision,Recall,Sensitivity,Specificity,F1,ROC_AUC
RandomForest,0.9960218796618597,0.997270245677889,0.9954586739327884,0.9954586739327884,0.9967032967032967,0.9963636363636363,0.9998138555359264
ExtraTrees,0.9970164097463948,0.997275204359673,0.997275204359673,0.997275204359673,0.9967032967032967,0.997275204359673,0.9990098911079838
XGBoost,0.9970164097463948,0.9981801637852593,0.9963669391462306,0.9963669391462306,0.9978021978021978,0.9972727272727273,0.9991351518599475
LightGBM,0.9975136747886624,0.9981818181818182,0.997275204359673,0.997275204359673,0.9978021978021978,0.9977283053157655,0.9991735784651316
CatBoost,0.9965191447041273,0.9972727272727273,0.9963669391462306,0.9963669391462306,0.9967032967032967,0.9968196274420718,0.9986745316445589
SVM_RBF,0.9970164097463948,0.997275204359673,0.997275204359673,0.997275204359673,0.9967032967032967,0.997275204359673,0.9975047658971363
